run_name,los_scheme,bin_label,support,positive_count,recall,f1,auc,delta_vs_baseline
id26_9bin_breakdown,breakdown9,29-31,22969,10846,0.7535496957403651,0.7937263280567155,0.8957541528851676,0.17861524731617362
id26_9bin_breakdown,breakdown9,32-33,34942,16155,0.623769730733519,0.7055734490967651,0.8509269754728261,0.04883528230932754
id26_9bin_breakdown,breakdown9,34-35,35475,16383,0.5168772508087652,0.6363568046892613,0.8392741985884481,-0.05805719761542627
id26_9bin_breakdown,breakdown9,36-37,38708,14967,0.4020845860893967,0.5346244392128993,0.8248290574661529,-0.17284986233479482
id26_coarse6,coarse6,29-37,132094,58351,0.5749344484241915,0.6727427683360906,0.8442771853040794,
