run_name,true_bin,true_bin_label,support,correct_count,accuracy,to_29_31_count,to_29_31_pct,to_32_33_count,to_32_33_pct,to_34_35_count,to_34_35_pct,to_36_37_count,to_36_37_pct,total_to_long_count,total_to_long_pct,top_pred_bin,top_pred_pct
id26_9bin_breakdown,2,8-14,19202,1036,0.053952713259035515,1031.0,0.05369232371627956,2690.0,0.14008957400270805,1414.0,0.07363816269138632,1905.0,0.09920841579002188,7040,0.3666284762003958,1,0.3159566711800854
id26_9bin_breakdown,3,15-21,13953,774,0.05547194151795313,930.0,0.0666523328316491,2526.0,0.18103633627176952,1292.0,0.0925965742134308,1849.0,0.13251630473733247,6597,0.4728015480541819,6,0.18103633627176952
id26_9bin_breakdown,4,22-28,16248,5002,0.30785327424913833,1671.0,0.10284342688330872,2395.0,0.1474027572624323,1225.0,0.07539389463318562,1682.0,0.1035204332840965,6973,0.42916051206302314,4,0.30785327424913833
id26_coarse6,2,8-14,19202,464,0.024164149567753358,,,,,,,,,8525,0.4439641703989168,5,0.4439641703989168
id26_coarse6,3,15-21,13953,289,0.02071239160037268,,,,,,,,,8173,0.5857521679925464,5,0.5857521679925464
id26_coarse6,4,22-28,16248,4446,0.27363367799113736,,,,,,,,,8851,0.5447439684884293,5,0.5447439684884293
