idx,name,mean,std,mean_minus_std,mean_plus_std,cv,rank_mean
0,LOS,0.01571725681424141,0.0,0.01571725681424141,0.01571725681424141,0.0,1
