idx,name,mean,std,mean_minus_std,mean_plus_std,cv,rank_mean
0,delta_ratio,0.05403323471546173,0.0,0.05403323471546173,0.05403323471546173,0.0,1
