idx,name,mean,std,mean_minus_std,mean_plus_std,cv,rank_mean
0,LOS,-0.1132652685046196,0.0,-0.1132652685046196,-0.1132652685046196,0.0,1
