idx,name,mean,std,mean_minus_std,mean_plus_std,cv,rank_mean
0,LOS,0.015794900556405384,4.844197731088458e-05,0.0157464585790945,0.01584334253371627,0.00306693778399508,1
