idx,name,mean,std,mean_minus_std,mean_plus_std,cv,rank_mean
0,delta,-0.021223584810892742,0.0016201828230744285,-0.02284376763396717,-0.019603401987818313,0.07633879184457518,1
