idx,name,mean,std,mean_minus_std,mean_plus_std,cv,rank_mean
0,delta_ratio,0.0967573548356692,0.02344470259266486,0.07331265224300434,0.12020205742833406,0.2423040877097445,1
