idx,name,mean,std,mean_minus_std,mean_plus_std,cv,rank_mean
0,LOS,-0.11845683803160985,0.004542216317623238,-0.12299905434923308,-0.11391462171398661,0.03834490598517547,1
