idx,name,mean,std,mean_minus_std,mean_plus_std,cv,rank_mean
0,delta_ratio,0.013557140715420246,0.0,0.013557140715420246,0.013557140715420246,0.0,1
