idx,name,mean,std,mean_minus_std,mean_plus_std,cv,rank_mean
0,LOS,0.028028778731822968,0.0,0.028028778731822968,0.028028778731822968,0.0,1
