idx,name,mean,std,mean_minus_std,mean_plus_std,cv,rank_mean
0,LOS,-1.8041037321090698,0.0,-1.8041037321090698,-1.8041037321090698,0.0,1
