idx,name,mean,std,mean_minus_std,mean_plus_std,cv,rank_mean
0,delta,0.008238311856985092,0.0,0.008238311856985092,0.008238311856985092,0.0,1
